번호,지역,시군구,지원센터단위,지원센터구분,지원센터명,센터전화번호,주소,상세주소,기타유의사항
1,중앙,서울특별시 마포구,전국,푸드뱅크,전국푸드뱅크,02-2077-3985,서울특별시 마포구 만리재로 14,한국사회복지회관 1201호,
2,강원,강원도 강릉시,광역,푸드뱅크,강원도광역푸드뱅크,033-646-0197,강원도 강릉시 구정면 구정중앙로 158-10,,
5,경기,경기도 화성시,광역,푸드뱅크,경기도광역푸드뱅크,031-294-1377,경기도 화성시 정남면 괘랑1길 42-30,A동,
6,경남,경상남도 창원시 마산회원구,광역,푸드뱅크,경남광역푸드뱅크,070-4266-1202,경상남도 김해시 칠산로 128,(신문동) 경상남도광역기부식품등지원센터,
7,경북,경상북도 안동시,광역,푸드뱅크,경북광역푸드뱅크,054-843-8550,경상북도 안동시 광명로 159,3층 302호 (옥동),
8,광주,광주광역시 서구,광역,푸드뱅크,광주광역시푸드뱅크,062-351-2114,광주광역시 북구 천변우로 40(임동),광주사회복지회관,
9,대구,대구광역시 남구,광역,푸드뱅크,대구시광역푸드뱅크,053-474-1377,대구 남구 봉덕동,1019,
10,대전,대전광역시 중구,광역,푸드뱅크,대전광역푸드뱅크,042-525-1378,대전광역시 중구 보문로 246,대림빌딩 805호(대흥동),
11,부산,부산광역시 동래구,광역,푸드뱅크,부산시광역푸드뱅크,051-791-1377,부산광역시 동래구 낙민로 25, (낙민동)부산사회복지종합센터 302호,
12,서울,서울특별시 성동구,광역,푸드뱅크,서울시광역푸드뱅크,02-905-1377,서울특별시 성동구 자동차시장3길 64, (용답동 중랑물재생센터),
13,세종,세종특별자치시,광역,푸드뱅크,세종광역푸드뱅크,044-868-1311,세종특별자치시 조치원읍 터미널안길 60,6-2호,
15,울산,울산광역시 중구,광역,푸드뱅크,울산광역푸드뱅크,052-285-1378,울산광역시 중구 염포로 85,(남외동 동천체육관),
16,인천,인천광역시 서구,광역,푸드뱅크,인천광역시기부식품등지원센터,032-891-1377,인천광역시 서구 봉수대로 806, (연희동),
17,전남,전라남도 무안군,광역,푸드뱅크,전남광역푸드뱅크,061-283-8478,전라남도 무안군 삼향읍 오룡3길 22,1층 전남사회복지협의회,
18,전북,전라북도 전주시 덕진구,광역,푸드뱅크,전북광역푸드뱅크,063-224-1861,전북특별자치도 전주시 덕진구 전주천동로 483,3층 전북특별자치도사회복지협의회,
19,제주,제주특별자치도 제주시,광역,푸드뱅크,제주특별자치도푸드뱅크,064-759-1377,제주특별자치도 제주시 청풍남8길 12-1, (화북일동) 제주특별자치도사회복지협의회,
20,충남,충청남도 홍성군,광역,푸드뱅크,충남광역푸드뱅크,041-634-0875,충청남도 홍성군 홍북읍 상하천로 50,충남보훈회관 1층,
21,충북,충청북도 청주시 흥덕구,광역,푸드뱅크,충북광역푸드뱅크,043-234-0840,충청북도 청주시 흥덕구 공단로 87,충북종합사회복지센터 302호,
22,전남,전라남도 신안군,기초,푸드뱅크,1004섬신안기초푸드뱅크,061-278-1129,전라남도 신안군 압해읍 구항길 92-23,,
23,경기,경기도 가평군,기초,푸드뱅크,가평군푸드뱅크,031-581-2727,경기도 가평군 가평읍 달전로 44,1층(달전리),
24,서울,서울특별시 강남구,기초,푸드마켓,강남푸드지원센터,02-562-5377,서울특별시 강남구 자곡로11길 28,209동 1층 (자곡동),
25,서울,서울특별시 강동구,기초,푸드마켓,강동구 푸드뱅크마켓센터,02-427-1377,서울특별시 강동구 동남로 926, (고덕동),
26,강원,강원도 강릉시,기초,푸드뱅크,강릉자유푸드뱅크,033-644-8831,강원도 강릉시 구정면 구정중앙로 158-10,2층,
27,강원,강원도 강릉시,기초,푸드뱅크,강릉푸드뱅크,033-643-1377,강원도 강릉시 종합운동장길 69,B110호 (교동),
28,서울,서울특별시 강북구,기초,푸드마켓,강북잇다푸드뱅크마켓센터,02-991-1377,서울특별시 강북구 한천로148길 12-13,103동 204호 (수유동  칸타빌 수유팰리스),
29,부산,부산광역시 강서구,기초,푸드마켓,강서구둥지푸드마켓,051-711-1378,부산광역시 강서구 공항로 1207, (대저1동),
30,부산,부산광역시 강서구,기초,푸드뱅크,강서구푸드뱅크,051-271-0561,부산 강서구 명지동, 627-28,
31,서울,서울특별시 강서구,기초,푸드마켓,강서푸드뱅크·마켓,02-2635-1377,서울특별시 강서구 공항대로2가길 5, (공항동) 통합복지센터 내 1층,
32,전남,전라남도 강진군,기초,푸드뱅크,강진군기초푸드뱅크,061-434-7002,전라남도 강진군 군동면 백금포길 7,강진군지역자활센터,
33,인천,인천광역시 강화군,기초,푸드뱅크,강화군푸드뱅크,032-932-1378,인천광역시 강화군 강화읍 향나무길22번길 12,,
34,인천,인천광역시 강화군,기초,푸드마켓,강화푸드마켓,032-934-0808,인천광역시 강화군 강화읍 향나무길22번길 12,,
35,경남,경상남도 거제시,기초,푸드뱅크,거제시푸드뱅크,055-632-0400,경상남도 거제시 고현로2길 42 ,(고현동),
36,경남,경상남도 거창군,기초,푸드뱅크,거창푸드뱅크,055-942-7934,경남 거창군 마리면 하고리,68번지,
37,경북,경상북도 포항시 남구,기초,푸드뱅크,경동푸드뱅크,054-293-1378,경상북도 포항시 남구 오천읍 해병로347번길 34,1층 경동푸드뱅크,
38,경북,경상북도 경산시,기초,푸드뱅크,경산시푸드뱅크,053-802-1377,경상북도 경산시 경청로222길 79 ,경산시노인종합복지관 (백천동),
39,경북,경상북도 경산시,기초,푸드마켓,경산푸드마켓,053-802-1377,경상북도 경산시 경청로219길 3-2,(백천동) 경산푸드마켓,
40,경북,경상북도 경주시,기초,푸드뱅크,경주시푸드뱅크,054-771-8107,경북 경주시 용강동,1283번지 (경주시종합사회복지관내),
41,충남,충청남도 계룡시,기초,푸드뱅크,계룡시사랑나눔푸드뱅크,042-551-9191,충청남도 계룡시 계룡대로 320 ,(금암동),
42,인천,인천광역시 계양구,기초,푸드마켓,계양구푸드마켓,032-551-1377,인천광역시 계양구 계양대로 126, (작전동) 계양구의회건물1층,
43,인천,인천광역시 계양구,기초,푸드뱅크,계양구푸드뱅크,032-555-1377,인천광역시 계양구 계양대로 126, (작전동) 계양구의회 건물 1층 ,
44,경남,경상남도 고성군,기초,푸드뱅크,고성군푸드뱅크,055-674-6628,경상남도 고성군 고성읍 죽계1길 95-1,,
45,강원,강원도 고성군,기초,푸드뱅크,고성푸드뱅크사랑나눔센터,033-681-1376,강원도 고성군 거진읍 태봉2길 24,,
46,경기,경기도 고양시 일산서구,기초,푸드뱅크,고양시문촌7푸드뱅크,031-916-4071,경기 고양시 일산서구 킨텍스로 340,(주엽동  고양시문촌7종합사회복지관),
47,전북,전라북도 고창군,기초,푸드뱅크,고창군기초푸드뱅크,063-561-2350,전라북도 고창군 모양성로 116-13 고창행복원,(석교리),
48,전남,전라남도 고흥군,기초,푸드뱅크,고흥군푸드뱅크,061-832-2500,전라남도 고흥군 고흥읍 신계학림길 39,1층,
49,전남,전라남도 곡성군,기초,푸드뱅크,곡성지역자활센터 푸드뱅크,061-363-4370,전라남도 곡성군 곡성읍 읍내13길 5-1,곡성지역자활센터 푸드뱅크,
50,충남,충청남도 공주시,기초,푸드뱅크,공주기초푸드뱅크,041-857-6004,충청남도 공주시 신기동길 48-8, (신기동),
51,충북,충청북도 음성군,기초,푸드뱅크,관성푸드뱅크,043-877-9457,충청북도 음성군 삼성면 대성로 555,202호,
52,서울,서울특별시 관악구,기초,푸드마켓,관악푸드뱅크마켓,02-872-1377,서울특별시 관악구 신림로58길 13, (신림동) 다이아몬드빌딩 501호,
53,경기,경기도 광명시,기초,푸드마켓,광명시푸드뱅크마켓센터,02-2688-1377,경기도 광명시 광삼로 9, 1층 (광명동),
54,전남,전라남도 광양시,기초,푸드뱅크,광양시푸드뱅크,061-762-9894,전라남도 광양시 광양읍 인덕로 977,2층 1호,
55,경기,경기도 광주시,기초,푸드뱅크,광주시중앙푸드뱅크&푸드마켓,031-766-1377,경기도 광주시 고불로 40-11, (중대동),
56,경기,경기도 광주시,기초,푸드뱅크,광주시참사랑푸드뱅크,031-8028-8906,경기도 광주시 광주대로 11-3,한솔빌딩 1층 (역동),
57,서울,서울특별시 광진구,기초,푸드마켓,광진푸드뱅크마켓센터,02-499-1377,서울 광진구 화양동,132-68,
58,충북,충청북도 괴산군,기초,푸드마켓,괴산군푸드마켓,043-834-1377,충청북도 괴산군 괴산읍 임꺽정로 104,1층,
59,충북,충청북도 괴산군,기초,푸드뱅크,괴산군푸드뱅크,043-834-1377,충청북도 괴산군 괴산읍 임꺽정로 104,1층,
60,충북,충청북도 괴산군,기초,푸드뱅크,괴산나눔과기쁨푸드뱅크,043-832-3197,충북 괴산군 괴산읍 정용리,83-13,
61,전남,전라남도 구례군,기초,푸드뱅크,구례군 다빈푸드뱅크,061-781-7970,전라남도 구례군 구례읍 구례로 508,구례종합사회복지관 1층,
62,서울,서울특별시 구로구,기초,푸드마켓,구로구 푸드뱅크마켓센터,02-869-1378,서울특별시 구로구 구로동로50길 10, (구로동),
63,경기,경기도 구리시,기초,푸드뱅크,구리사랑나눔푸드뱅크,031-555-1243,경기도 구리시 검배로 154,우남상가 102호 (토평동  우남아파트),
64,경기,경기도 구리시,기초,푸드뱅크,구리시푸드뱅크,031-556-8100,경기도 구리시 벌말로129번길 50, (토평동),
65,경북,경상북도 구미시,기초,푸드뱅크,구미사랑나눔푸드뱅크,054-441-1377,경상북도 구미시 봉곡동로2길 4, (봉곡동),
66,경북,경상북도 구미시,기초,푸드뱅크,구미시푸드뱅크,054-458-0230,경상북도 구미시 문장로 110(도량동),금오종합사회복지관,
67,경북,경상북도 구미시,기초,푸드마켓,구미푸드마켓,054-443-1377,경상북도 구미시 문장로 110, (도량동),
68,전북,전라북도 군산시,기초,푸드뱅크,군산시기초푸드뱅크,063-461-6555,전라북도 군산시 칠성로 59,,
69,경기,경기도 군포시,기초,푸드뱅크,군포기초푸드뱅크,031-397-2054,경기도 군포시 오금로 102,1층(금정동),
70,경북,경상북도 김천시,기초,푸드뱅크,글로벌희망나누리푸드뱅크,054-432-6009,경상북도 김천시 해오름1로 17,404동 1602호(율곡동  경북김천혁신엘에이치천년나무4단지),
71,충남,충청남도 금산군,기초,푸드뱅크,금산군푸드뱅크,041-752-7942,충청남도 금산군 일흔이재로 112( 내부리),112,
72,부산,부산광역시 금정구,기초,푸드뱅크,금정구푸드뱅크,051-508-1997,부산광역시 금정구 중앙대로2349번길 3 ,(노포동) ,
73,서울,서울특별시 금천구,기초,푸드마켓,금천구푸드뱅크마켓센터,02-3286-1377,서울특별시 금천구 탑골로 35,신축건물 1층  (시흥동),
74,서울,서울특별시 금천구,기초,푸드뱅크,금천행복푸드뱅크,02-808-1671,서울특별시 금천구 시흥대로 97, (시흥동)BB10호,
75,부산,부산광역시 기장군,기초,푸드뱅크,기장군푸드뱅크,051-724-3457,부산광역시 기장군 기장읍 차성로288번길 27,2층 기장지역자활센터,
76,부산,부산광역시 기장군,기초,푸드마켓,기장푸드마켓,051-722-4006,부산광역시 기장군 기장읍 차성남로 28,1층 기장푸드마켓,
77,전북,전라북도 김제시,기초,푸드뱅크,김제시기초푸드뱅크,063-543-1377,전라북도 김제시 금성로 93, (신풍동),
78,전북,전라북도 김제시,기초,푸드마켓,김제지평선푸드마켓,063-543-1377,전라북도 김제시 금성로 93, (신풍동),
79,경북,경상북도 김천시,기초,푸드뱅크,김천시푸드뱅크,054-439-2191,경상북도 김천시 모암길 3, (용두동),
80,경기,경기도 김포시,기초,푸드뱅크,김포시푸드뱅크,031-996-1377,경기도 김포시 양촌읍 김포한강4로278번길 103-59,,
81,경기,경기도 김포시,기초,푸드뱅크,김포한강푸드뱅크,031-997-1370,경기도 김포시 김포한강4로420번길 30, (구래동) 비즈나인지식산업센터 제12층 1220호,
82,경남,경상남도 김해시,기초,푸드뱅크,김해시나누미푸드뱅크,055-311-9745,경상남도 김해시 평전로 3, (외동  주공아파트) 103동 106호,
83,경남,경상남도 김해시,기초,푸드마켓,김해시푸드마켓,055-328-1377,경상남도 김해시 김해대로 2232,김해시외버스터미널 4층,
84,경남,경상남도 김해시,기초,푸드뱅크,김해시푸드뱅크,,경남 김해시 부원동,27번지,연락처 없음
85,경기,경기도 의정부시,기초,푸드뱅크,나누리푸드뱅크,031-826-0778,경기도 의정부시 흥선로24번길 10, (가능동),
86,대전,대전광역시 동구,기초,푸드뱅크,나누미푸드뱅크,042-623-5060,대전광역시 동구 태전로174번안길 20, (삼성동)1층,
87,경남,경상남도 창원시 성산구,기초,푸드뱅크,나눔과기쁨 창원푸드뱅크,,경상남도 창원시 성산구 반송로 166, (반림동),연락처 없음
88,울산,울산광역시 북구,기초,푸드뱅크,나눔과기쁨울산푸드뱅크,052-289-9543,울산광역시 북구 송내11길 12, (화봉동),
89,전남,전라남도 나주시,기초,푸드뱅크,나주시기초푸드뱅크,061-334-7727,전라남도 나주시 가마태길 38, (용산동  용산주공아파트),
90,광주,광주광역시 남구,기초,푸드뱅크,남구기초푸드뱅크,062-673-1377,광주광역시 남구 용대로 91, (봉선동),
91,울산,울산광역시 남구,기초,푸드뱅크,남구나눔푸드뱅크,052-257-1377,울산광역시 남구 봉월로50번길 45(신정동),울산광역시나눔푸드마켓,
92,대구,대구광역시 남구,기초,푸드뱅크,남구대명기초푸드뱅크,053-657-1170,대구광역시 남구 양지로 8, (대명동),
93,부산,부산광역시 남구,기초,푸드마켓,남구동행푸드마켓,051-638-1377,부산광역시 남구 못골로53번길 12-20, (대연동),
94,울산,울산광역시 남구,기초,푸드뱅크,남구푸드뱅크,052-274-1337,울산광역시 남구 산업로325번길 34,(선암동),
95,부산,부산광역시 남구,기초,푸드뱅크,남구푸드뱅크,051-647-3655,부산광역시 남구 동제당로 258, (우암동),
96,인천,인천광역시 남동구,기초,푸드뱅크,남동구새희망푸드뱅크,032-437-1377,인천광역시 남동구 경인로 744,105호 (간석동),
97,인천,인천광역시 남동구,기초,푸드마켓,남동구푸드마켓1호점,032-463-1377,인천광역시 남동구 인주대로 854, (만수동) 1층 푸드마켓,
98,인천,인천광역시 남동구,기초,푸드마켓,남동구푸드마켓2호점,032-431-1377,인천광역시 남동구 구월로137번길 59,(간석동) 가나빌딩 1층,
99,인천,인천광역시 남동구,기초,푸드뱅크,남동구푸드뱅크,032-469-1377,인천광역시 남동구 인주대로 854, (만수동  식품영양복지지원센터 4층),
100,경기,경기도 남양주시,기초,푸드뱅크,남양주푸드뱅크,031-564-1377,경기도 남양주시 의안로 182, (평내동)  상가2층,
101,전북,전라북도 남원시,기초,푸드뱅크,남원시기초푸드뱅크,063-632-5252,전라북도 남원시 노송로 1255-9,(노암동  주공아파트) 남원사회복지관 본관,
102,전북,전라북도 남원시,기초,푸드뱅크,남원시사회복지협의회기초푸드뱅크,063-631-0133,전라북도 남원시 요천로 1531,(죽항동) 초록빌 1층,
103,경남,경상남도 남해군,기초,푸드뱅크,남해군푸드뱅크,055-860-3886,경남 남해군 남해읍 아산리,355 종합사회복지관 내 1층 자원봉사센터,
104,경북,경상북도 포항시 북구,기초,푸드뱅크,내일을여는집포항기초푸드뱅크,054-244-1377,경상북도 포항시 북구 삼흥로35번길 1-4 ,(장성동),
105,서울,서울특별시 노원구,기초,푸드마켓,노원구 푸드뱅크마켓센터,02-975-1277,서울특별시 노원구 동일로 1229 노원구민회관(중계동), B1층,
106,충남,충청남도 논산시,기초,푸드마켓,논산사랑푸드마켓,070-4177-1377,충청남도 논산시 관촉로277번길 23-13,(취암동) 행복드림센터  1층,
107,충남,충청남도 논산시,기초,푸드뱅크,논산사랑푸드뱅크,041-736-1004,충청남도 논산시 생뫼길 14(강산동),.,
108,경기,경기도 광주시,기초,푸드뱅크,늘만나푸드뱅크,031-764-0091,경기도 광주시 곤지암읍 곤지암로11번길 8,205호(곤지암리),
109,충북,충청북도 단양군,기초,푸드뱅크,단양군기초푸드뱅크,043-422-1299,충청북도 단양군 단양읍 수변로 83,3층,
110,충북,충청북도 단양군,기초,푸드마켓,단양군푸드마켓,043-422-1700,충청북도 단양군 단양읍 중앙1로 29,,
111,충북,충청북도 단양군,기초,푸드뱅크,단양나눔과기쁨푸드뱅크,043-421-3191,충북 단양군 대강면 장림리,149-2,
112,대구,대구광역시 달서구,기초,푸드뱅크,달서구본동푸드뱅크,053-639-1377,대구광역시 달서구 송현로 113 ,(송현동  본동주공1차아파트) ,
113,대구,대구광역시 달서구,기초,푸드뱅크,달서구성서푸드뱅크,053-582-1376,대구광역시 달서구 신당로 56, (신당동  성서주공1단지아파트),
114,대구,대구광역시 달서구,기초,푸드마켓,달서구푸드마켓,053-636-1377,대구 달서구 송현2동 ,977-2번지,
115,대구,대구광역시 달성군,기초,푸드뱅크,달성군푸드뱅크,053-615-9191,대구 달성군 논공읍 북리,1-104,
116,대구,대구광역시 달성군,기초,푸드마켓,달성푸드마켓다사점,053-588-1375,대구 달성군 다사읍 매곡리,1531-8,
117,전남,전라남도 담양군,기초,푸드뱅크,담양군기초푸드뱅크,061-381-1376,전라남도 담양군 담양읍 죽향문화로 431-33,,
118,충남,충청남도 당진시,기초,푸드뱅크,당진시나눔푸드뱅크,041-355-5700,충청남도 당진시 정안로 16,(원당동),
119,대구,대구광역시 남구,기초,푸드마켓,대구남구늘해랑푸드마켓,053-473-1377,대구 남구 봉덕1동,739-1,
120,대전,대전광역시 대덕구,기초,푸드뱅크,대덕나누리푸드뱅크,042-369-0191,대전광역시 대덕구 대전로1032번길 51, (오정동) 103호,
121,대전,대전광역시 유성구,기초,푸드뱅크,대전가톨릭농수산물지원센터(푸드뱅크),042-822-7986,대전광역시 유성구 노은동로 33, (노은동) 노은농수산물도매시장 3문 경사로 옆,
122,대전,대전광역시 중구,기초,푸드뱅크,대전사랑의먹거리나눔운동본부(푸드뱅크),042-242-2700,대전광역시 중구 문창로 39, (부사동),
123,대전,대전광역시 서구,기초,푸드마켓,대전행복나눔무지개푸드마켓1호점,042-488-1370,대전광역시 서구 계룡로219번길 17,1층 대전행복나눔무지개푸드마켓1호점 ,
124,대전,대전광역시 동구,기초,푸드마켓,대전행복나눔무지개푸드마켓2호점,042-633-1377,대전광역시 동구 동대전로 102-1, (대동),
125,대전,대전광역시 대덕구,기초,푸드마켓,대전행복나눔무지개푸드마켓3호점,042-637-1377,대전광역시 대덕구 계족로608번길 15 ,(법동),
126,대전,대전광역시 유성구,기초,푸드마켓,대전행복나눔무지개푸드마켓4호점,042-935-1377,대전광역시 유성구 봉산로36번길 1, (봉산동),
127,대전,대전광역시 중구,기초,푸드마켓,대전행복나눔무지개푸드마켓5호점,042-256-1377,대전광역시 중구 보문로 142, (대사동),
128,대전,대전광역시 유성구,기초,푸드마켓,대전행복나눔무지개푸드마켓6호점,042-826-6377,대전광역시 유성구 유성대로730번길 51,(장대동),
129,대전,대전광역시 동구,기초,푸드마켓,대전행복나눔무지개푸드마켓7호점,042-286-1377,대전광역시 동구 동구청로203번길 1, (판암동),
130,대전,대전광역시 중구,기초,푸드마켓,대전행복나눔푸드마켓(유천점),042-522-7100,대전광역시 중구 유천로 93,1층 (유천동),
131,대전,대전광역시 서구,기초,푸드마켓,대전행복나눔푸드마켓8호점,042-528-1377,대전광역시 서구 배재로 99-1, (도마동),
132,충북,충청북도 청주시 상당구,기초,푸드뱅크,대청기초푸드뱅크,043-221-7838,충청북도 청주시 상당구 문의면 두모1길 13-8,,
133,경기,경기도 고양시 덕양구,기초,푸드뱅크,덕양행신기초푸드뱅크,031-839-6000,경기도 고양시 덕양구 서정마을2로 13, (행신동),
134,서울,서울특별시 도봉구,기초,푸드마켓,도봉구푸드뱅크마켓센터,02-907-1377,서울특별시 도봉구 도봉로170길 2,도봉역 다가치센터 16구역 (도봉동),
135,광주,광주광역시 동구,기초,푸드뱅크,동구기초푸드뱅크,062-234-1377,광주광역시 동구 천변좌로 656, (용산동) 빛고을종합사회복지관,
136,대구,대구광역시 동구,기초,푸드뱅크,동구동촌푸드뱅크,053-986-1377,대구광역시 동구 입석로 5, (입석동) 동촌종합사회복지관 동촌푸드뱅크,
137,광주,광주광역시 동구,기초,푸드마켓,동구푸드마켓,062-222-1377,광주광역시 동구 경양로223번길 14-31,(계림동),
138,부산,부산광역시 동구,기초,푸드마켓,동구푸드마켓,051-905-1378,부산광역시 동구 진성로 68, (수정동),
139,인천,인천광역시 동구,기초,푸드마켓,동구푸드마켓1호점,032-773-2377,인천 동구 송림동 ,59-12번지,
140,울산,울산광역시 동구,기초,푸드뱅크,동구푸드뱅크,052-236-1365,울산광역시 동구 문현5길 27, (방어동),
141,인천,인천광역시 동구,기초,푸드뱅크,동구푸드뱅크,032-763-1377,인천광역시 동구 만석로36번길 1,(만석동) 1층 102호,
142,부산,부산광역시 동구,기초,푸드뱅크,동구푸드뱅크,051-633-3367,부산 동구 범일6동,1542-1,
143,전북,전라북도 군산시,기초,푸드뱅크,동군산푸드뱅크,063-451-5403,전라북도 군산시 서수면 하금길 37-1,,
144,서울,서울특별시 동대문구,기초,푸드마켓,동대문 푸드뱅크마켓,02-2246-0036,서울특별시 동대문구 천호대로2길 23-9(신설동), ,
145,경기,경기도 동두천시,기초,푸드뱅크,동두천천사푸드뱅크,031-865-4577,경기도 동두천시 광암로6번길 2, (광암동),
146,부산,부산광역시 동래구,기초,푸드뱅크,동래구푸드뱅크,051-531-2460,부산 동래구 명장2동,508-72,
147,부산,부산광역시 동래구,기초,푸드마켓,동래등대지기푸드마켓,051-506-1377,부산광역시 동래구 석사북로 59-1(온천동),1층,
148,서울,서울특별시 동작구,기초,푸드마켓,동작구푸드뱅크·마켓센터,02-817-1377,서울 동작구 사당동 ,169-8(대림프라자 상가  206호,
149,제주,제주특별자치도 제주시,기초,푸드뱅크,동제주기초푸드뱅크,064-751-1377,제주특별자치도 제주시 구좌읍 평대12길 15,동제주기초푸드뱅크,
150,강원,강원도 동해시,기초,푸드뱅크,동해시기초푸드뱅크,033-531-1377,강원도 동해시 선돌길 19, (단봉동),
151,대구,대구광역시 달서구,기초,푸드마켓,두류푸드마켓,053-652-5300,대구광역시 달서구 두류공원로50길 23, (두류동  선빌파크타운)1층,
152,광주,광주광역시 북구,기초,푸드뱅크,두암기초푸드뱅크,062-266-8185,광주광역시 북구 삼정로 7,두암종합사회복지관 2층,
153,대전,대전광역시 유성구,기초,푸드뱅크,마라나타푸드뱅크,042-935-6889,대전광역시 유성구 관들3길 77-30 ,(관평동),
154,경남,경상남도 창원시 마산회원구,기초,푸드뱅크,마산푸드뱅크,055-231-8018,경상남도 창원시 마산회원구 내서읍 상곡로 49,내서종합사회복지관,
155,서울,서울특별시 마포구,기초,푸드마켓,마포행복나눔푸드(뱅크)마켓1호점,02-364-1377,서울 마포구 성산동,533-1 마포농수산물시장내 1층,
156,서울,서울특별시 마포구,기초,푸드마켓,마포행복나눔푸드마켓2호점,02-703-1377,서울특별시 마포구 신촌로26길 10,B1호 (노고산동  우리마포복지관(대흥동주민센터)),
157,광주,광주광역시 광산구,기초,푸드뱅크,만나푸드뱅크,062-941-1377,광주광역시 광산구 풍영로101번안길 15-9, (흑석동)102호,
158,전남,전라남도 목포시,기초,푸드뱅크,목포예사랑나눔푸드뱅크,061-279-0954,전라남도 목포시 양을로 261-2 용당교회탁노소(용해동),목포예사랑나눔푸드뱅크,
159,전남,전라남도 무안군,기초,푸드뱅크,무안군기초푸드뱅크,061-283-1888,전라남도 무안군 일로읍 삼일로 493,삼일로 493,
160,전북,전라북도 무주군,기초,푸드마켓,무주행복나눔푸드마켓·뱅크,063-322-1370,전라북도 무주군 무주읍 한풍루로 294,,
161,경북,경상북도 문경시,기초,푸드뱅크,문경시푸드뱅크,054-555-2800,경북 문경시 모전동,859-3                           (※ 2012.7.1 운영주체 변경 ,
162,강원,강원도 원주시,기초,푸드뱅크,문막푸드뱅크,033-734-0691,강원도 원주시 문막읍 동화택지길 9,,
163,전남,전라남도 여수시,기초,푸드뱅크,문수기초푸드뱅크,061-652-2010,전라남도 여수시 여문2로 11-10 ,(문수동),
164,경기,경기도 용인시 처인구,기초,푸드뱅크,문화협회푸드뱅크,031-322-1377,경기도 용인시 처인구 경안천로 76,용인시실내체육관 1층(마평동),
165,인천,인천광역시 미추홀구,기초,푸드뱅크,미추홀구기초푸드뱅크,032-861-1377,인천광역시 미추홀구 장고개로42번길 30,1층  (도화동),
166,인천,인천광역시 미추홀구,기초,푸드마켓,미추홀구푸드마켓1호점,032-875-1377,인천광역시 미추홀구 장고개로42번길 30,1층 (도화동),
167,인천,인천광역시 미추홀구,기초,푸드마켓,미추홀구푸드마켓2호점,032-889-1377,인천광역시 미추홀구 인주대로 127, (용현동,
168,경남,경상남도 밀양시,기초,푸드뱅크,밀양시푸드뱅크,055-350-1012,경상남도 밀양시 중앙로 218,  (삼문동) 밀양시종합사회복지관 지하1층,
169,충남,충청남도 보령시,기초,푸드뱅크,보령시기초푸드뱅크,041-936-8501,충청남도 보령시 주공로 50, (명천동  명천주공2차아파트),
170,전남,전라남도 보성군,기초,푸드뱅크,보성기초푸드뱅크,061-852-9845,전라남도 보성군 보성읍 동인길 18-6,,
171,충북,충청북도 보은군,기초,푸드뱅크,보은군푸드뱅크,043-544-1377,충청북도 보은군 보은읍 보청대로 1907,,
172,경기,경기도 부천시 원미구,기초,푸드뱅크,복사골푸드뱅크,032-661-0112,경기도 부천시 원미로 235, (춘의동),
173,경기,경기도 화성시,기초,푸드뱅크,"봉담아리푸드뱅크	",,경기도 화성시 봉담읍 동화길 174,101호,연락처 없음
174,부산,부산광역시 금정구,기초,푸드마켓,부산금정구푸드마켓,051-911-1377,부산 금정구 남산동,42-5,
175,부산,부산광역시 사상구,기초,푸드마켓,부산사상구푸드마켓,051-325-1399,부산광역시 사상구 동주로 6-9 ,(주례동),
176,부산,부산광역시 수영구,기초,푸드마켓,부산수영구함께하는푸드마켓,051-756-1925,부산광역시 수영구 연수로249번길 12-18, (망미동),
177,부산,부산광역시 영도구,기초,푸드마켓,부산영도구푸드마켓,051-405-1377,부산 영도구 동삼동,215-57 1층 영도구푸드마켓,
178,부산,부산광역시 부산진구,기초,푸드마켓,부산진구푸드마켓,051-853-1377,부산광역시 부산진구 중앙대로 882, (양정동),
179,부산,부산광역시 부산진구,기초,푸드뱅크,부산진구푸드뱅크,051-896-2320,부산광역시 부산진구 당감서로 16, (당감동),
180,전북,전라북도 부안군,기초,푸드마켓,부안행복나눔푸드마켓·뱅크,063-581-5723,전라북도 부안군 부안읍 번영로 97-1,부안행복나눔푸드마켓뱅크,
181,충남,충청남도 부여군,기초,푸드뱅크,부여나눔푸드뱅크,041-832-0811,충청남도 부여군 규암면 합송서로 128-3,,
182,경기,경기도 부천시 원미구,기초,푸드뱅크,부천기초푸드뱅크,032-326-1477,경기도 부천시 신흥로275번길 19, (중동),
183,경기,경기도 부천시 원미구,기초,푸드마켓,부천시다사랑푸드마켓,032-324-1688,경기도 부천시 신흥로275번길 19, (중동),
184,경기,경기도 부천시 소사구,기초,푸드뱅크,부천행복한동행푸드뱅크,032-612-0124,경기도 부천시 하우로 319, (심곡본동) 1층,
185,인천,인천광역시 부평구,기초,푸드마켓,부평구푸드마켓1호점,032-426-1377,인천 부평구 부개동,120-78,
186,인천,인천광역시 부평구,기초,푸드마켓,부평구푸드마켓2호점,032-511-1377,인천광역시 부평구 경원대로1367번길 18, (부평동),
187,인천,인천광역시 부평구,기초,푸드뱅크,부평구푸드뱅크1호점,032-519-1377,인천광역시 부평구 후정동로 6,(삼산동) 2층,
188,인천,인천광역시 부평구,기초,푸드뱅크,부평구푸드뱅크2호점,032-511-1377,인천광역시 부평구 경원대로1367번길 18, (부평동),
189,광주,광주광역시 북구,기초,푸드뱅크,북구기초푸드뱅크,062-266-1377,광주광역시 북구 군왕로207번길 6,(각화동),
190,대구,대구광역시 북구,기초,푸드마켓,북구사랑나눔푸드마켓,053-321-1377,대구광역시 북구 관음동로9길 10-25, (관음동),
191,대구,대구광역시 북구,기초,푸드뱅크,북구산격푸드뱅크,053-381-9193,대구광역시 북구 연암로 183, 산격기초푸드뱅크(산격종합사회복지관),
192,울산,울산광역시 북구,기초,푸드뱅크,북구푸드뱅크,052-291-1377,울산광역시 북구 산업로 1016, (연암동),
193,부산,부산광역시 북구,기초,푸드뱅크,북구푸드뱅크,051-331-4674,부산광역시 북구 덕천로 74,덕천종합사회복지관,
194,부산,부산광역시 북구,기초,푸드마켓,북구행복나눔푸드마켓,051-335-8377,부산광역시 북구 의성로115번길 11,(덕천동) 북구행복나눔푸드마켓,
195,대구,대구광역시 북구,기초,푸드마켓,북구희망나눔푸드마켓,053-954-1377,대구광역시 북구 대구체육관로 28, (산격동),
196,제주,제주특별자치도 제주시,기초,푸드뱅크,북부기초푸드뱅크,064-796-9097,제주특별자치도 제주시 한림읍 한림상로 207-9,,
197,인천,인천광역시 중구,기초,푸드뱅크,비손행복나눔푸드뱅크,032-221-0191,인천광역시 중구 참외전로152번길 5-1, (경동),
198,경기,경기도 화성시,기초,푸드뱅크,비전푸드뱅크,031-355-1277,경기도 화성시 서신면 수풀오얏길 65-11,(장외리),
199,광주,광주광역시 북구,기초,푸드뱅크,사랑나눔기초푸드뱅크,062-512-1125,광주광역시 북구 풍동길 20,(풍향동),
200,경기,경기도 이천시,기초,푸드마켓,사랑나눔이천푸드마켓,031-638-1375,경기도 이천시 경충대로2638번길 35, (중리동),
201,제주,제주특별자치도 제주시,기초,푸드마켓,사랑나눔푸드마켓·뱅크,064-758-1377,제주특별자치도 제주시 동광로 85, (일도이동),
202,서울,서울특별시 강서구,기초,푸드뱅크,사랑의등불 강서푸드뱅크마켓,02-2643-1377,서울특별시 강서구 양천로24가길 27,103 104호 (방화동  오누리빌),
203,경기,경기도 화성시,기초,푸드뱅크,사랑푸드뱅크,031-225-1377,경기도 화성시 병점중앙로 5-6,301호(능동),
204,부산,부산광역시 사상구,기초,푸드뱅크,사상구기초푸드뱅크,051-305-4286,부산광역시 사상구 모라로192번길 20-33, (모라동  주공아파트3단지),
205,경남,경상남도 사천시,기초,푸드뱅크,사천시푸드뱅크,055-831-5794,경상남도 사천시 임내길 30, (죽림동  신우심포니타운) 101동 1301호,
206,부산,부산광역시 사하구,기초,푸드뱅크,사하구푸드뱅크,051-265-9471,부산광역시 사하구 다송로 59, (다대동  다대4지구도개공영구임대아파트),
207,부산,부산광역시 사하구,기초,푸드마켓,사하사랑나눔푸드마켓,051-262-1377,부산광역시 사하구 다대로 544 진요빌딩(다대동),204호,
208,대전,대전광역시 대덕구,기초,푸드뱅크,산마을푸드뱅크,042-933-1377,대전광역시 대덕구 석봉로44번안길 14,(석봉동),
209,경남,경상남도 산청군,기초,푸드뱅크,산청군푸드뱅크,055-973-8267,경상남도 산청군 산청읍 꽃봉산로 84,,
210,강원,강원도 삼척시,기초,푸드뱅크,삼척시푸드뱅크,033-575-0516,강원도 삼척시 원당로2길 72-6, (원당동) 3층,
211,대구,대구광역시 달서구,기초,푸드뱅크,상록수푸드뱅크,053-716-6123,대구광역시 달서구 문화회관3길 25(장기동), ,
212,경북,경상북도 상주시,기초,푸드뱅크,상주시푸드뱅크,054-532-5688,경상북도 상주시 냉림1길 43-18, (냉림동) 상주시종합사회복지관,
213,대전,대전광역시 동구,기초,푸드뱅크,새소망푸드뱅크,042-624-1377,대전광역시 동구 갱이길 49, (가양동 359-6),
214,광주,광주광역시 서구,기초,푸드뱅크,서구기초푸드뱅크,062-375-1377,광주광역시 서구 운천로32번길 23,금호종합사회복지관 (금호동  금호빛여울채),
215,인천,인천광역시 서구,기초,푸드뱅크,서구태화푸드뱅크,032-564-1377,인천광역시 서구 심곡로124번길 10, (심곡동),
216,부산,부산광역시 서구,기초,푸드마켓,서구푸드마켓,051-243-1367,부산광역시 서구 대영로85번길 42, (동대신동2가),
217,인천,인천광역시 서구,기초,푸드마켓,서구푸드마켓1호점,032-576-1377,인천광역시 서구 간촌로 35-12,1층 서구푸드마켓1호점,
218,인천,인천광역시 서구,기초,푸드마켓,서구푸드마켓2호점,032-584-1377,인천광역시 서구 거북로 124, (석남동),
219,인천,인천광역시 서구,기초,푸드뱅크,서구푸드뱅크,032-574-1377,인천광역시 서구 신석로121번길 10, (석남동) 서구노인복지관,
220,부산,부산광역시 서구,기초,푸드뱅크,서구푸드뱅크,051-253-1922,부산광역시 서구 망양로193번길 104, (동대신동1가),
221,제주,제주특별자치도 서귀포시,기초,푸드마켓,서귀포 행복나눔푸드마켓·푸드뱅크,064-733-1388,제주특별자치도 서귀포시 중앙로62번길 56, (서귀동),
222,서울,서울특별시 서대문구,기초,푸드뱅크,서대문구푸드뱅크,304-1376,서울 서대문구 연희동,133-1,
223,서울,서울특별시 서대문구,기초,푸드마켓,서대문정담은푸드마켓,02-392-1377,서울특별시 서대문구 독립문로 50,(냉천동),
224,충남,충청남도 서산시,기초,푸드뱅크,서산시기초푸드뱅크,041-667-2303,충청남도 서산시 서해로 3456, (석림동) 서산석림사회복지관,
225,충남,충청남도 서산시,기초,푸드뱅크,서산카리타스농수산물지원센터,041-688-1997,충청남도 서산시 효행7로 10-3, (동문동),
226,충남,충청남도 서산시,기초,푸드마켓,서산행복나눔푸드마켓,041-665-1377,충청남도 서산시 효행7로 10-3,(동문동) 나동,
227,경기,경기도 안성시,기초,푸드뱅크,서안성푸드뱅크,031-652-5085,경기도 안성시 공도읍 진사길 79-17,(진사리),
228,충남,충청남도 서천군,기초,푸드마켓,서천군좋은친구푸드마켓,041-951-9444,충청남도 서천군 서천읍 서천로 10,1층,
229,충남,충청남도 서천군,기초,푸드뱅크,서천군좋은친구푸드뱅크,041-951-9444,충청남도 서천군 서천읍 서천로 10,1층,
230,서울,서울특별시 서초구,기초,푸드마켓,서초구 푸드뱅크마켓센터,02-579-1377,서울특별시 서초구 바우뫼로 43(우면동),68-1,
231,경기,경기도 평택시,기초,푸드뱅크,서평택푸드뱅크,031-686-7553,경기도 평택시 안중읍 송담7길 14,(안중리),
232,경북,경상북도 구미시,기초,푸드뱅크,선산푸드뱅크,054-481-2154,경상북도 구미시 선산읍 단계서길 69,나동 1층,
233,전북,전라북도 고창군,기초,푸드뱅크,선운기초푸드뱅크,063-561-1378,전라북도 고창군 고창읍 전봉준로 88-15,,
234,광주,광주광역시 북구,기초,푸드뱅크,섬기고나눔기초푸드뱅크,062-524-1377,광주광역시 북구 북문대로 70 ,(운암동),
235,경기,경기도 성남시 수정구,기초,푸드뱅크,성남시청솔푸드뱅크,031-712-6342,경기도 성남시 분당구 미금로 246 ,(금곡동  청솔마을주공6단지아파트) ,
236,경기,경기도 성남시 중원구,기초,푸드마켓,성남열린푸드뱅크·마켓,031-756-1378,경기도 성남시 분당구 탄천로 215,탄천종합운동장내 체육회관 지하2층 상점17호(야탑동),
237,서울,서울특별시 성동구,기초,푸드마켓,성동희망푸드나눔센터,02-425-1377,서울특별시 성동구 고산자로 323, (마장동)201호,
238,서울,서울특별시 성북구,기초,푸드마켓,성북구 푸드뱅크·마켓센터,02-981-1377,서울특별시 성북구 아리랑로4길 22,301호,
239,경북,경상북도 성주군,기초,푸드뱅크,성주군푸드뱅크,054-932-3551,경상북도 성주군 수륜면 성주가야산로 616,실로암육아원,
240,세종,세종특별자치시,기초,푸드뱅크,세종사랑나눔푸드마켓·뱅크,044-868-1311,세종특별자치시 조치원읍 터미널안길 60,6-2호,
241,경기,경기도 이천시,기초,푸드뱅크,소망더함푸드뱅크,031-631-1377,경기도 이천시 마장면 서이천로 105-6,(이치리),
242,강원,강원도 속초시,기초,푸드뱅크,속초기초푸드뱅크,033-635-0758,강원 속초시 먹거리길19,주공3차 아파트 단지내,
243,경기,경기도 포천시,기초,푸드뱅크,솔모루푸드뱅크,031-543-1377,경기도 포천시 소흘읍 송우로132번길 56,(송우리),
244,광주,광주광역시 광산구,기초,푸드뱅크,송광푸드뱅크,062-945-1377,광주광역시 광산구 우산로 17, (우산동  우산빛여울채),
245,서울,서울특별시 송파구,기초,푸드마켓,송파푸드마켓  송파푸드뱅크,02-2043-1377,서울 송파구 마천동,182-2,
246,대구,대구광역시 수성구,기초,푸드뱅크,수성구지산푸드뱅크,053-781-1377,대구광역시 수성구 용학로 325,지산종합사회복지관(지산동  지산5단지아파트),
247,부산,부산광역시 수영구,기초,푸드뱅크,수영구푸드뱅크,051-755-3367,부산 수영구 망미동,774-269 부산종합사회복지관,
248,경기,경기도 수원시 장안구,기초,푸드뱅크,수원시장안푸드뱅크,031-271-1377,경기도 수원시 장안구 장안로63번길 8 ,(영화동),
249,경기,경기도 수원시 영통구,기초,푸드뱅크,수원시푸드뱅크,031-257-1378,경기도 수원시 팔달구 매산로 86, (매산로3가),
250,경기,경기도 수원시 팔달구,기초,푸드마켓,수원시해누리푸드마켓,031-238-1378,경기도 수원시 팔달구 매산로 86,1층 (매산로3가),
251,전북,전라북도 순창군,기초,푸드뱅크,순창군기초푸드뱅크,063-653-9120,전라북도 순창군 순창읍 장류로 407-30,순창군사회복지협의회,
252,전남,전라남도 순천시,기초,푸드마켓,순천시푸드마켓,061-746-8206,전라남도 순천시 우석로 130,1층,
253,전남,전라남도 순천시,기초,푸드뱅크,순천시푸드뱅크,061-741-3062,전라남도 순천시 저전길 84, (인제동),
254,광주,광주광역시 서구,기초,푸드뱅크,시영기초푸드뱅크,062-371-1377,광주광역시 서구 화정로 87-1,시영종합사회복지관,
255,경기,경기도 시흥시,기초,푸드마켓,시흥푸드뱅크마켓센터,031-434-1379,경기도 시흥시 오동마을로45번길 7,(정왕동),
256,전남,전라남도 여수시,기초,푸드뱅크,쌍봉기초푸드뱅크,061-682-1477,전라남도 여수시 학동서4길 58-20 ,(학동) ,
257,광주,광주광역시 서구,기초,푸드뱅크,쌍촌기초푸드뱅크,062-384-1377,광주광역시 서구 쌍학로 47,(쌍촌동  영구임대아파트),
258,경기,경기도 용인시 처인구,기초,푸드뱅크,아름다운동행 푸드뱅크,031-339-1377,경기도 용인시 처인구 금령로71번길 8,중105호 (김량장동),
259,울산,울산광역시 중구,기초,푸드뱅크,아름다운푸드뱅크,052-292-1365,울산광역시 중구 화합로 366-1, (반구동),
260,충남,충청남도 아산시,기초,푸드뱅크,아산시기초푸드뱅크,041-534-1377,충청남도 아산시 염치읍 송곡안길 2-23,1층,
261,경북,경상북도 안동시,기초,푸드뱅크,안동시푸드뱅크,054-858-1361,경상북도 안동시 복주5길 23-17, (옥동),
262,경기,경기도 안산시 단원구,기초,푸드뱅크,안산나눔푸드뱅크,031-419-1377,경기도 안산시 단원구 신촌3길 28,(초지동),
263,경기,경기도 안산시 단원구,기초,푸드뱅크,안산사랑푸드뱅크,070-5014-5855,경기도 안산시 상록구 원당골3길 6-1,102호(수암동),
264,경기,경기도 안산시 단원구,기초,푸드뱅크,안산시광림푸드뱅크,031-487-1377,경기도 안산시 단원구 예술1길 6, (고잔동),
265,경기,경기도 안산시 상록구,기초,푸드뱅크,안산푸드뱅크,031-415-7890,경기도 안산시 상록구 삼태기1길 37,1층 (이동),
266,경기,경기도 안성시,기초,푸드뱅크,안성동부푸드뱅크,070-7788-1377,경기도 안성시 죽산면 죽주로 292-22,(죽산리),
267,경기,경기도 안성시,기초,푸드뱅크,안성시푸드뱅크,031-674-9451,경기도 안성시 중앙로451번길 11,2층(봉남동),
268,경기,경기도 안성시,기초,푸드뱅크,안성연화마을푸드뱅크,031-674-1356,경기도 안성시 일죽면 금일로 93,(화봉리),
269,경기,경기도 안양시 만안구,기초,푸드뱅크,안양시유쾌한푸드뱅크,031-442-8488,경기도 안양시 만안구 관악대로 5,지하층 (안양동),
270,경기,경기도 안양시 동안구,기초,푸드뱅크,안양시푸드뱅크,031-386-9957,경기도 안양시 동안구 평촌대로 389, (비산동) 실내빙상장 외부상가 5호,
271,경기,경기도 안양시 만안구,기초,푸드마켓,안양착한푸드마켓,031-476-1365,경기도 안양시 만안구 장내로 113,카톨릭회관 별관 3층(안양동),
272,강원,강원도 양구군,기초,푸드뱅크,양구기초푸드뱅크,033-482-1377,강원도 양구군 양구읍 양구새싹로 7-11 ,,
273,강원,강원도 양구군,기초,푸드뱅크,양구한마음푸드뱅크,033-481-7733,강원도 양구군 양구읍 비봉로 61,,
274,경남,경상남도 양산시,기초,푸드뱅크,양산시푸드뱅크,055-365-9544,경남 양산시 물금읍 범어리,501번지,
275,강원,강원도 양양군,기초,푸드뱅크,양양푸드뱅크,033-673-4848,강원도 양양군 강현면 일출로 42,양양지역자활센터,
276,경기,경기도 양주시,기초,푸드뱅크,양주기초푸드뱅크,031-837-1377,경기도 양주시 광적면 가래비길 93,(가납리),
277,경기,경기도 양주시,기초,푸드마켓,양주연화푸드마켓,031-861-1377,경기도 양주시 외미로64번길 35, (남방동),
278,서울,서울특별시 양천구,기초,푸드마켓,양천구푸드뱅크·마켓센터,02-2062-1377,서울특별시 양천구 중앙로 250, (신정동) 양천나눔누리센터 1층,
279,경기,경기도 양평군,기초,푸드뱅크,양평군기초푸드뱅크,031-775-7741,경기도 양평군 용문면 용문역길 67 ,(다문리),
280,경기,경기도 여주시,기초,푸드뱅크,여주구세군푸드뱅크,031-885-1138,경기도 여주시 도예로 39-11 ,(현암동),
281,경기,경기도 여주시,기초,푸드뱅크,여주군좋은이웃기초푸드뱅크,031-884-1377,경기도 여주시 가남읍 자유그린길 37,(삼군리),
282,경기,경기도 여주시,기초,푸드뱅크,여주기초푸드뱅크,031-886-9101,경기도 여주시 세종로 319-1, (교동),
283,인천,인천광역시 연수구,기초,푸드마켓,연수구푸드마켓1호점,032-817-1377,인천광역시 연수구 비류대로519번길 3-2, (선학동) 1층 연수구푸드마켓1호점,
284,인천,인천광역시 연수구,기초,푸드마켓,연수구푸드마켓2호점,032-834-2377,인천광역시 연수구 청량로184번길 17, (옥련동  휴빌리지) 102호,
285,인천,인천광역시 연수구,기초,푸드뱅크,연수구푸드뱅크,032-818-1377,인천광역시 연수구 원인재로 315, (연수동  주공1단지  2단지아파트) 세화종합사회복지관 2층,
286,부산,부산광역시 연제구,기초,푸드마켓,연제구둥지푸드마켓,051-714-1378,부산광역시 연제구 월드컵대로187번길 6, (거제동),
287,부산,부산광역시 연제구,기초,푸드뱅크,연제구푸드뱅크,051-863-8360 1,부산광역시 연제구 봉수로 17,(연산동) 연제구연산종합사회복지관,
288,경기,경기도 연천군,기초,푸드뱅크,연천군푸드뱅크,031-833-1010,경기도 연천군 전곡읍 전곡로40번길 1,(전곡리),
289,충북,충청북도 충주시,기초,푸드뱅크,연화마을푸드뱅크,,충청북도 충주시 대림1길 20, (문화동),연락처 없음
290,전남,전라남도 영광군,기초,푸드마켓,영광군푸드마켓,080-353-1377,전라남도 영광군 영광읍 옥당로 149,4층,
291,전남,전라남도 영광군,기초,푸드뱅크,영광군푸드뱅크,061-353-9740,전라남도 영광군 영광읍 천년로 1351-14,,
292,경북,경상북도 영덕군,기초,푸드뱅크,영덕군기초푸드뱅크,054-730-6616,경상북도 영덕군 영덕읍 화개길 9-6,,
293,부산,부산광역시 영도구,기초,푸드뱅크,영도구푸드뱅크,051-404-5061,부산 영도구 동삼3동,1123,
294,충북,충청북도 영동군,기초,푸드뱅크,영동나눔푸드뱅크,043-744-4949,충북 영동군 영동읍 설계리,740-1 영동군사회복지협의회(내),
295,서울,서울특별시 영등포구,기초,푸드마켓,영등포사랑나눔푸드뱅크·마켓,02-2671-1377,서울특별시 영등포구 선유동1로 80, (당산동3가) 영등포구청별관  ,
296,전남,전라남도 영암군,기초,푸드뱅크,영암군푸드뱅크,061-471-9933,전라남도 영암군 영암읍 새동네길 22-1,,
297,강원,강원도 영월군,기초,푸드뱅크,영월군푸드뱅크,033-374-6411,강원도 영월군 영월읍 덕포하리4길 19-5,,
298,경북,경상북도 영주시,기초,푸드뱅크,영주시푸드뱅크,054-639-0500,경상북도 영주시 대학로 130-1, (가흥동),
299,경북,경상북도 영천시,기초,푸드뱅크,영천시푸드뱅크,054-335-3633,경북 영천시 작산동,130,
300,경기,경기도 수원시 영통구,기초,푸드뱅크,영통푸드뱅크,031-212-1641,경기도 수원시 영통구 매봉로35번길 23-15,1층 (매탄동),
301,충남,충청남도 예산군,기초,푸드뱅크,예산군기초푸드뱅크,041-332-5402,충청남도 예산군 삽교읍 삽교로3길 57,,
302,충남,충청남도 예산군,기초,푸드마켓,예산다다푸드마켓,041-335-8700,충남 예산군 예산읍 예산리,550,
303,전남,전라남도 목포시,기초,푸드뱅크,예향참맛푸드뱅크,061-242-8980,전라남도 목포시 해안로173번길 34, (경동1가),
304,경기,경기도 오산시,기초,푸드뱅크,오산시푸드뱅크,031-378-1377,경기도 오산시 오산로272번길 23, 2층(오산동),
305,광주,광주광역시 북구,기초,푸드뱅크,오치기초푸드뱅크,062-574-1377,광주광역시 북구 서하로194번길 6 ,(오치동  오치 영구임대아파트),
306,충북,충청북도 옥천군,기초,푸드마켓,옥천군행복나눔푸드뱅크마켓,043-730-2624,충청북도 옥천군 옥천읍 삼금로4길 6,1층,
307,충북,충청북도 옥천군,기초,푸드뱅크,옥천나눔푸드뱅크,043-731-6231,충청북도 옥천군 옥천읍 응천1길 63-3,옥천나눔푸드뱅크,
308,전남,전라남도 완도군,기초,푸드뱅크,완도군기초푸드뱅크,061-554-1377,전라남도 완도군 완도읍 장보고대로 216,,
309,전북,전라북도 완주군,기초,푸드뱅크,완주군기초푸드뱅크,063-232-1377,전라북도 완주군 삼례읍 별산농원길 20,,
310,서울,서울특별시 용산구,기초,푸드마켓,용산구 푸드뱅크마켓센터,02-703-0129,서울특별시 용산구 한강대로 345 ,용산구 푸드뱅크마켓센터  (구 갈월파출소),
311,경기,경기도 용인시 기흥구,기초,푸드뱅크,용인시여럿이함께푸드뱅크,031-283-0873,경기도 용인시 기흥구 마북로247번길 92, (마북동),
312,울산,울산광역시 남구,기초,푸드마켓,울산광역시나눔푸드마켓,052-252-1377,울산광역시 남구 봉월로50번길 45(신정동),울산광역시나눔푸드마켓,
313,울산,울산광역시 울주군,기초,푸드마켓,울주푸드뱅크마켓,052-244-1377,울산광역시 울주군 언양읍 동문길 51,1층 울주푸드뱅크마켓,
314,경북,경상북도 울진군,기초,푸드뱅크,울진군푸드뱅크,054-788-2111,경북 울진군 후포면 삼율리,188-3,
315,경기,경기도 이천시,기초,푸드뱅크,웃어라나눔과기쁨푸드뱅크,031-632-6066,경기도 이천시 서희로71번길 14,(창전동),
316,강원,강원도 원주시,기초,푸드뱅크,원주만나푸드뱅크,033-764-9129,강원도 원주시 일산로82번길 36,(원동),
317,강원,강원도 원주시,기초,푸드마켓,원주시푸드나눔센터,033-747-1347,강원도 원주시 갈머리2길 31, (학성동),
318,서울,서울특별시 은평구,기초,푸드마켓,은평푸드뱅크마켓,02-354-1377,서울특별시 은평구 서오릉로 134-5, (대조동),
319,충북,충청북도 음성군,기초,푸드뱅크,음성군기초푸드뱅크,043-873-1377,충청북도 음성군 음성읍 중앙로40번길 9-1,201  202호,
320,충북,충청북도 음성군,기초,푸드뱅크,음성군한울사랑나눔푸드뱅크,043-878-4312,충청북도 음성군 생극면 음성로1620번길 7,,
321,경북,경상북도 의성군,기초,푸드뱅크,의성군푸드뱅크,054-834-2900,경북 의성군 의성읍 후죽3리,136-1,
322,경기,경기도 의왕시,기초,푸드뱅크,의왕시푸드뱅크,031-458-3027,경기도 의왕시 효행로 46, (오전동),
323,경기,경기도 의정부시,기초,푸드마켓,의정부푸드뱅크마켓,031-855-1377,경기도 의정부시 용민로92번길 12, (용현동),
324,전북,전라북도 전주시 덕진구,기초,푸드뱅크,이웃사랑푸드뱅크,070-4940-6569,전라북도 전주시 덕진구 건산로 280, (우아동2가)1층,
325,경기,경기도 이천시,기초,푸드뱅크,이천시선양푸드뱅크,031-637-1377,경기도 이천시 경충대로 2602, (중리동),
326,경기,경기도 이천시,기초,푸드뱅크,이천시푸드뱅크,031-634-1377,경기도 이천시 부발읍 신원로 18,만옥빌딩 3층(신원리),
327,전북,전라북도 익산시,기초,푸드마켓,익산행복나눔마켓뱅크,063-854-1377,전북특별자치도 익산시 중앙로7길 2-9, (갈산동),
328,강원,강원도 인제군,기초,푸드뱅크,인제군기초푸드뱅크,033-463-1377,강원도 인제군 인제읍 비봉로 48,농특산물판매장 2층 인제군사회복지협의회,
329,전북,전라북도 임실군,기초,푸드뱅크,임실군기초푸드뱅크,063-644-4438,전라북도 임실군 임실읍 운수로 33-46,,
330,전남,전라남도 장성군,기초,푸드뱅크,장성군 기초푸드뱅크,061-394-5909,전라남도 장성군 장성읍 청운길 35,산림조합 3층,
331,전북,전라북도 장수군,기초,푸드뱅크,장수군기초푸드뱅크,063-351-7072,전라북도 장수군 장수읍 시장로 27-9, (더조은빌라),
332,전남,전라남도 장흥군,기초,푸드뱅크,장흥엄마손기초푸드뱅크,061-864-4804,전라남도 장흥군 장흥읍 흥성로 37-24,장흥엄마손기초푸드뱅크,
333,전북,전라북도 전주시 덕진구,기초,푸드뱅크,전주글로벌푸드뱅크,063-211-1678,전북특별자치도 전주시 덕진구 원장동길 90, (장동) 1층,
334,전북,전라북도 전주시 완산구,기초,푸드뱅크,전주시기초푸드뱅크,063-225-4215,전라북도 전주시 완산구 소대배기로 18-34, (평화동2가  원광빌라),
335,전북,전라북도 전주시 완산구,기초,푸드뱅크,전주시새샘푸드뱅크,063-286-0217,전북특별자치도 전주시 완산구 고덕산1길 139, (대성동),
336,전북,전라북도 전주시 덕진구,기초,푸드마켓,전주시중앙푸드마켓,063-254-2758,전라북도 전주시 덕진구 솔내2길 76,101호 (송천동1가),
337,전북,전라북도 전주시 덕진구,기초,푸드뱅크,전주시중앙푸드뱅크,063-254-2758,전라북도 전주시 덕진구 사근1길 23-25, (송천동2가) 전주시중앙푸드뱅크,
338,전북,전라북도 전주시 완산구,기초,푸드마켓,전주시행복나눔푸드마켓,063-286-1377,전라북도 전주시 완산구 장승배기로 245,(평화동1가),
339,강원,강원도 정선군,기초,푸드뱅크,정선군푸드뱅크,033-592-4115,강원특별자치도 정선군 남면 별어곡1길 23-6,,
340,전북,전라북도 정읍시,기초,푸드뱅크,정읍시기초푸드뱅크,063-533-1916,전라북도 정읍시 수성2로 13-18, (수성동),
341,대구,대구광역시 동구,기초,푸드뱅크,제일푸드뱅크,053-755-1377,대구광역시 동구 송라로2길 17-6, (신천동),
342,충북,충청북도 제천시,기초,푸드뱅크,제천기초푸드뱅크,043-645-5004,충청북도 제천시 내토로 390, (영천동),
343,충북,충청북도 제천시,기초,푸드마켓,제천시푸드마켓,043-647-1377,충청북도 제천시 동명로 50, (명동),
344,대전,대전광역시 중구,기초,푸드뱅크,조은이웃푸드뱅크,042-825-9182,대전광역시 중구 당디로36번길 99, (문화동),
345,서울,서울특별시 종로구,기초,푸드마켓,종로구 푸드뱅크마켓센터,02-2148-4102,서울 종로구 숭인1동 ,55-2 숭인1동주민센터 4층,
346,서울,서울특별시 중구,기초,푸드마켓,중구 푸드뱅크마켓센터,02-2297-1377,서울특별시 중구 퇴계로 460, (신당동),
347,부산,부산광역시 중구,기초,푸드마켓,중구다솜나래푸드마켓,051-463-1388,부산 중구 영주동,551-7,
348,대구,대구광역시 중구,기초,푸드마켓,중구만나푸드마켓,053-257-1377,대구광역시 중구 대봉로43안길 50-10, (대봉동) 1층 중구만나푸드마켓,
349,인천,인천광역시 중구,기초,푸드마켓,중구푸드마켓,032-777-0377,인천광역시 중구 홍예문로 77, (전동17-38),
350,인천,인천광역시 중구,기초,푸드뱅크,중구푸드뱅크,032-761-1399,인천광역시 중구 홍예문로 77,(전동17-38),
351,울산,울산광역시 중구,기초,푸드뱅크,중구푸드뱅크,052-243-1377,울산광역시 중구 중앙길 199,(학산동),
352,대구,대구광역시 중구,기초,푸드뱅크,중구푸드뱅크,053-254-1388,대구광역시 중구 남산로7길 80,109동 102호 (남산동  까치아파트),
353,부산,부산광역시 중구,기초,푸드뱅크,중구푸드뱅크,051-464-3137,부산 중구 대청동4가,75-7,
354,서울,서울특별시 중랑구,기초,푸드마켓,중랑푸드마켓(면목점),02-6952-1376,서울특별시 중랑구 면목로 242, (면목동),
355,서울,서울특별시 중랑구,기초,푸드마켓,중랑푸드마켓·뱅크센터,02-493-1582,서울특별시 중랑구 봉화산로56길 22, (신내동),
356,충북,충청북도 증평군,기초,푸드뱅크,증평군기초푸드뱅크,043-836-6040,충청북도 증평군 증평읍 창신로 85,삼보사회복지관,
357,전남,전라남도 진도군,기초,푸드뱅크,진도군기초푸드뱅크,061-544-2210,전라남도 진도군 진도읍 교동4길 25,,
358,대구,대구광역시 동구,기초,푸드뱅크,진명푸드뱅크,053-746-1377,대구광역시 동구 아양로 239(신암동),진명시니어카운티 B1,
359,전북,전라북도 진안군,기초,푸드뱅크,진안군기초푸드뱅크,063-432-9005,전북특별자치도 진안군 진안읍 거북바위로1길 9,,
360,전북,전라북도 진안군,기초,푸드마켓,진안마이푸드마켓,063-433-1415,전라북도 진안군 진안읍 관산2길 10,진안군사회복지협의회,
361,경남,경상남도 진주시,기초,푸드뱅크,진주시푸드뱅크,055-747-1377,경상남도 진주시 서장대로 281, (이현동),
362,경남,경상남도 진주시,기초,푸드마켓,진주푸드마켓,055-747-1377,경상남도 진주시 서장대로 281, (이현동),
363,충북,충청북도 진천군,기초,푸드뱅크,진천군기초푸드뱅크,043-533-1377,충청북도 진천군 진천읍 상산로 42,진천군기초푸드뱅크,
364,충북,충청북도 진천군,기초,푸드뱅크,진천나눔과기쁨기초푸드뱅크,043-536-0129,충청북도 진천군 진천읍 진광로 72-1 ,(우주동백1차아파트),
365,경남,경상남도 창원시 진해구,기초,푸드뱅크,진해푸드뱅크,055-540-0114,경상남도 창원시 진해구 진해대로 1101(풍호동 진해구청),창원시진해종합사회복지관,
366,전북,전라북도 정읍시,기초,푸드마켓,참좋은푸드마켓,063-531-0191,전라북도 정읍시 명덕로 55, (연지동),
367,전북,전라북도 정읍시,기초,푸드뱅크,참좋은푸드뱅크,063-531-0191,전라북도 정읍시 서부산업도로 302,(연지동)2층 202호,
368,경남,경상남도 창녕군,기초,푸드뱅크,창녕군푸드뱅크,055-532-0624,경상남도 창녕군 창녕읍 조산서재골로 ,7,
369,경남,경상남도 창원시 의창구,기초,푸드뱅크,창원시기초푸드뱅크,055-253-1377,경상남도 창원시 의창구 태복산로31번길 16, (도계동),
370,경남,경상남도 창원시 성산구,기초,푸드마켓,창원시희망푸드마켓,055-283-1377,경상남도 창원시 의창구 도계로 102, (도계동  대남상가아파트) 대남상가 1층,
371,충남,충청남도 천안시,기초,푸드뱅크,천안서부푸드뱅크,041-554-3572,충청남도 천안시 동남구 태조산길 13-31 ,(원성동),
372,충남,충청남도 천안시,기초,푸드마켓,천안희망나눔푸드마켓,041-573-1377,충청남도 천안시 동남구 원성1길 24, (원성동),
373,강원,강원도 철원군,기초,푸드뱅크,철원군푸드뱅크,033-458-2998,강원 철원군 동송읍 이평로,80-1,
374,경북,경상북도 청도군,기초,푸드뱅크,청도군푸드뱅크,054-373-7575,경상북도 청도군 화양읍 청화로 79-15,,
375,경북,경상북도 청송군,기초,푸드뱅크,청송군푸드뱅크,054-873-7447,경상북도 청송군 청송읍 주왕산로 7-282,청송군푸드뱅크,
376,충남,충청남도 청양군,기초,푸드뱅크,청양푸드뱅크,041-944-1500,충청남도 청양군 운곡면 청신로 ,402 (위라리),
377,충북,충청북도 청주시 청원구,기초,푸드뱅크,청원기초푸드뱅크,043-218-1377,충청북도 청주시 청원구 내수읍 내수로 737,,
378,충북,충청북도 청주시 상당구,기초,푸드뱅크,청주시구세군기초푸드뱅크,043-254-1377,충청북도 청주시 상당구 쇠내로145번길 15, A동 2층 202호(금천동  금천뉴타운아파트상가) ,
379,충북,충청북도 청주시 상당구,기초,푸드뱅크,청주시드림기초푸드뱅크,043-218-7991,충청북도 청주시 청원구 상리로17번길 27-40, (율량동),
380,충북,충청북도 청주시 흥덕구,기초,푸드뱅크,청주시사랑나눔기초푸드뱅크,043-266-1377,충청북도 청주시 흥덕구 강서로71번길 20-3, (강서동),
381,충북,충청북도 청주시 상당구,기초,푸드마켓,청주시푸드마켓,043-222-9171,충북 청주시 상당구 서문동 ,198-3,
382,충북,충청북도 청주시 상당구,기초,푸드뱅크,청주시흥덕푸드뱅크,043-267-1377,충북 청주시 흥덕구 운천동,1486,
383,충북,충청북도 청주시 상당구,기초,푸드뱅크,청주제일기초푸드뱅크,043-256-3816,충청북도 청주시 상당구 상당로13번길 15(남문로1가),청주제일교회,
384,광주,광주광역시 광산구,기초,푸드뱅크,청지기푸드뱅크,062-941-8209,광주광역시 광산구 송도로 143 ,(도산동  대덕1차아파트)상가1층,
385,강원,강원도 춘천시,기초,푸드뱅크,춘천시푸드뱅크,033-262-3494,강원 춘천시 중앙로 104-1,3층  춘천시사회복지협의회,
386,충남,충청남도 천안시,기초,푸드뱅크,충남가톨릭농수산물지원센터,041-582-1388,충청남도 천안시 서북구 천안대로 1347 천안농산물도매시장(신당,청과물동 2층,
387,충북,충청북도 충주시,기초,푸드마켓,충주시푸드마켓,043-855-3011,충청북도 충주시 사직산21길 34, (문화동) 복합복지관 지하1층,
388,충북,충청북도 충주시,기초,푸드뱅크,충주시푸드뱅크,043-855-3000,충청북도 충주시 주공길 7, (연수동),
389,경북,경상북도 칠곡군,기초,푸드뱅크,칠곡군푸드뱅크,054-979-5129,경상북도 칠곡군 왜관읍 관문로1길 32,,
390,강원,강원도 태백시,기초,푸드뱅크,태백푸드뱅크,033-553-8155,강원도 태백시 태백로 398-8(화전동),태백지역자활센터,
391,충남,충청남도 태안군,기초,푸드뱅크,태안군푸드뱅크,041-675-1379,충청남도 태안군 태안읍 시장5길 20,1층,
392,경남,경상남도 통영시,기초,푸드마켓,통영나누미푸드마켓,055-646-1377,경남 통영시 무전동,984번지 내 27호(국제상가아파트 1층 27호),
393,경남,경상남도 통영시,기초,푸드뱅크,통영푸드뱅크,055-646-1377,경남 통영시 무전동 ,984번지 국제상가아파트27호,
394,경기,경기도 파주시,기초,푸드뱅크,파주시사랑나눔푸드뱅크,031-949-1377,경기도 파주시 파주읍 봉서산로 138,(봉서리),
395,경기,경기도 파주시,기초,푸드뱅크,파주시희망나눔푸드뱅크,031-945-3054,경기도 파주시 교하로 914,아이리스 빌딩 301호(문발동),
396,경기,경기도 파주시,기초,푸드마켓,파주시희망푸드마켓,031-949-2215,경기도 파주시 교하로 914 ,(문발동)아이리스빌딩107호,
397,경기,경기도 수원시 권선구,기초,푸드뱅크,팔도푸드뱅크,031-221-9004,경기도 수원시 권선구 새터로47번길 88, (세류동),
398,강원,강원도 평창군,기초,푸드뱅크,평창군푸드뱅크,033-334-0117,강원 평창군 평창읍 ,종부로 61 2층 평창군사회복지협의회,
399,경기,경기도 평택시,기초,푸드뱅크,평택시송탄기초푸드뱅크,031-662-2677,경기도 평택시 탄현1로 160,  B102호(신장동),
400,경기,경기도 평택시,기초,푸드마켓,평택시푸드마켓1호점,031-618-1877,경기도 평택시 원평로28번길 34,(군문동),
401,경기,경기도 평택시,기초,푸드마켓,평택푸드마켓2호점,031-664-1377,경기도 평택시 탄현1로 160,(신장동) B102호,
402,경기,경기도 평택시,기초,푸드뱅크,평택푸드뱅크,031-618-1877,경기도 평택시 원평로28번길 34,(군문동),
403,경기,경기도 포천시,기초,푸드뱅크,포천푸드뱅크,031-535-1376,경기도 포천시 신북면 중앙로207번길 23,(가채리),
404,경북,경상북도 포항시 북구,기초,푸드마켓,포항시푸드마켓,054-231-1377,경상북도 포항시 북구 장량로61번길 5-1,(장성동),
405,경북,경상북도 포항시 북구,기초,푸드뱅크,포항우리푸드뱅크,054-255-1377,경상북도 포항시 북구 중앙로298번길 3-1, (상원동),
406,경기,경기도 하남시,기초,푸드뱅크,하남시푸드뱅크,031-793-6920,경기도 하남시 덕풍로81번길 18,1  2층(덕풍동),
407,경남,경상남도 하동군,기초,푸드뱅크,하동군푸드뱅크,055-884-6955,경남 하동군 하동읍,청년회관길 13,
408,대전,대전광역시 서구,기초,푸드뱅크,한밭사랑푸드뱅크,042-535-0191,대전광역시 서구 변동로 91, (변동) 1층 2호,
409,경남,경상남도 함안군,기초,푸드뱅크,함안군푸드뱅크,055-580-2495,경상남도 함안군 가야읍 말산로 1,,
410,경남,경상남도 함양군,기초,푸드뱅크,함양군푸드뱅크,055-962-2071,경상남도 함양군 함양읍 월명길 12,,
411,전남,전라남도 함평군,기초,푸드뱅크,함평기초푸드뱅크,061-324-2331,전라남도 함평군 함평읍 함장로 1071,,
412,전남,전라남도 함평군,기초,푸드뱅크,함평희망나눔기초푸드뱅크,061-324-1881,전라남도 함평군 함평읍 송정길 49-5,,
413,경남,경상남도 합천군,기초,푸드뱅크,합천군푸드뱅크,055-931-2370,경상남도 합천군 합천읍 중앙로 33-2,,
414,전남,전라남도 해남군,기초,푸드뱅크,해남푸드뱅크,061-535-1377,전라남도 해남군 서림길 5( 구교리),해남푸드뱅크,
415,부산,부산광역시 해운대구,기초,푸드뱅크,해운대기초푸드뱅크,051-782-5005,부산 해운대구 재송1동,100-9,
416,부산,부산광역시 해운대구,기초,푸드마켓,해운대푸드마켓,051-781-1373,부산광역시 해운대구 재반로 79(재송동),2층 푸드마켓,
417,전남,전라남도 여수시,기초,푸드마켓,햇살나눔식품지원가게(마켓)2호점,061-642-1477,전라남도 여수시 신기북4길 11-1,(신기동),
418,전남,전라남도 무안군,기초,푸드마켓,햇살나눔푸드마켓(전남)1호점,061-283-1477,전라남도 무안군 삼향읍 오룡3길 22,1층(전라남도회관)  전라남도사회복지협의회,
419,광주,광주광역시 북구,기초,푸드뱅크,행복나눔기초푸드뱅크,062-525-1691,광주광역시 북구 당뫼로 12,(중흥동),
420,광주,광주광역시 북구,기초,푸드마켓,행복나눔푸드마켓북구점,062-264-1377,광주광역시 북구 서하로 232(오치동),969-1,
421,광주,광주광역시 서구,기초,푸드마켓,행복나눔푸드마켓서구점,062-374-1377,광주광역시 서구 염화로 119(화정동),행복나눔푸드마켓서구점,
422,대구,대구광역시 서구,기초,푸드마켓,행복마당 푸드마켓,053-262-1377,대구광역시 서구 국채보상로 399,B동 (비산동),
423,충남,충청남도 보령시,기초,푸드마켓,행복보령푸드마켓,041-931-8502,충청남도 보령시 원동1길 95, (대천동) 보령복지센터 1층,
424,충남,충청남도 보령시,기초,푸드뱅크,행복보령푸드뱅크,041-931-8502,충청남도 보령시 원동1길 95, (동대동) 보령복지센터 1층,
425,대구,대구광역시 중구,기초,푸드마켓,행복한중구푸드마켓,053-256-1377,대구 중구 남산4동 ,남산로 29-1,
426,충남,충청남도 홍성군,기초,푸드마켓,홍성군푸드마켓뱅크,041-634-7377,충청남도 홍성군 홍성읍 홍성천길 114,1층,
427,강원,강원도 홍천군,기초,푸드뱅크,홍천군기초푸드뱅크,033-433-8587,강원도 홍천군 홍천읍 너브내길 121,,
428,경기,경기도 화성시,기초,푸드마켓,화성시나래울푸드마켓,031-8015-7400,경기도 화성시 여울로2길 33, (능동),
429,경기,경기도 화성시,기초,푸드마켓,화성시행복나눔푸드마켓,031-8059-1677,경기도 화성시 향남읍 행정서로3길 50,(행정리),
430,경기,경기도 화성시,기초,푸드뱅크,화성시행복나눔푸드뱅크,031-8059-1677,경기도 화성시 향남읍 행정서로3길 50,(행정리),
431,경기,경기도 화성시,기초,푸드뱅크,화성여럿이함께푸드뱅크,031-613-1907,경기도 화성시 남여울3길 9-10, (능동),
432,경기,경기도 화성시,기초,푸드뱅크,화성은혜푸드뱅크,031-8003-6004,경기도 화성시 동탄하나3길 7-5,(능동),
433,전남,전라남도 화순군,기초,푸드뱅크,화순군푸드뱅크,061-371-1377,전남 화순군 춘양면 학포로 1303-1,소향원,
434,강원,강원도 화천군,기초,푸드뱅크,화천푸드뱅크,033-442-1992,강원도 화천군 하남면 춘화로 3341,2층 화천군사회복지협의회,
435,강원,강원도 횡성군,기초,푸드뱅크,횡성군기초푸드뱅크,033-342-1104,강원특별자치도 횡성군 횡성읍 어수로 46,,
436,경북,경상북도 포항시 북구,기초,푸드뱅크,흥해제일기초푸드뱅크,054-261-7525,경상북도 포항시 북구 흥해읍 한동로 43,,
437,광주,광주광역시 남구,기초,푸드뱅크,희망기초푸드뱅크,062-653-9313,광주광역시 남구 진다리로31번길 13, (백운동),
438,경기,경기도 용인시 기흥구,기초,푸드뱅크,희망나눔푸드뱅크,031-333-4646,경기도 용인시 기흥구 중부대로 242,오토허브C동 B101호(영덕동),
439,경기,경기도 성남시 수정구,기초,푸드뱅크,희망등대푸드뱅크,031-754-0011,경기도 성남시 수정구 위례순환로 17,(창곡동  위례31단지) 3109동 에듀센터 1층,
440,경기,경기도 고양시 일산동구,기초,푸드마켓,흰돌푸드뱅크마켓센터,031-902-1377,경기도 고양시 일산동구 호수로446번길 55, (백석동),
